GROUP,PACKAGE,CLASS,INSTRUCTION_MISSED,INSTRUCTION_COVERED,BRANCH_MISSED,BRANCH_COVERED,LINE_MISSED,LINE_COVERED,COMPLEXITY_MISSED,COMPLEXITY_COVERED,METHOD_MISSED,METHOD_COVERED
caladrius,br.ufpb.dsc.caladrius.service,CidadeService,0,161,0,4,0,33,0,11,0,9
caladrius,br.ufpb.dsc.caladrius.service,LinhaProgramadaService,2,279,1,19,0,57,1,21,0,12
caladrius,br.ufpb.dsc.caladrius.service,ViagemService,80,552,9,27,3,114,15,24,9,12
caladrius,br.ufpb.dsc.caladrius.service,IdentidadeOauthService,4,180,3,17,2,45,3,14,0,7
caladrius,br.ufpb.dsc.caladrius.service,ConviteService,102,442,7,23,18,95,11,19,4,11
caladrius,br.ufpb.dsc.caladrius.service,UsuarioService,27,578,19,57,4,135,17,40,0,19
caladrius,br.ufpb.dsc.caladrius.service,AuditoriaService,0,183,1,11,0,52,1,15,0,10
caladrius,br.ufpb.dsc.caladrius.service,RecuperacaoSenhaService,2,118,4,8,1,26,4,8,0,6
caladrius,br.ufpb.dsc.caladrius.service,WhatsappService,2,309,3,34,1,80,3,32,0,16
caladrius,br.ufpb.dsc.caladrius.service,ParametroSistema,26,105,5,3,4,19,4,9,1,8
caladrius,br.ufpb.dsc.caladrius.service,VeiculoService,5,209,2,10,0,45,2,13,0,9
caladrius,br.ufpb.dsc.caladrius.service,ConfiguracaoService,0,95,0,4,0,22,0,12,0,10
caladrius,br.ufpb.dsc.caladrius.service,FeatureFlagService,0,221,0,18,0,49,0,19,0,10
caladrius,br.ufpb.dsc.caladrius.service,MunicipioService,0,94,0,6,0,22,0,10,0,7
caladrius,br.ufpb.dsc.caladrius.service,OnboardingService,15,109,4,8,3,28,4,4,0,2
caladrius,br.ufpb.dsc.caladrius.service,EnderecoService,11,138,3,9,1,33,3,13,0,10
caladrius,br.ufpb.dsc.caladrius.service,SolicitacaoViagemService,87,724,14,38,10,148,22,36,9,23
caladrius,br.ufpb.dsc.caladrius.service,VerificacaoService,28,343,4,14,6,78,7,21,3,16
caladrius,br.ufpb.dsc.caladrius.service,ChaveFeature,26,52,4,0,4,13,3,6,1,6
caladrius,br.ufpb.dsc.caladrius.service,NotificacaoService,0,98,0,4,0,18,0,10,0,8
caladrius,br.ufpb.dsc.caladrius.dto,PainelSemana.ItemDia,2,14,1,1,0,2,1,2,0,2
caladrius,br.ufpb.dsc.caladrius.dto,RegistroForm,0,57,0,0,0,2,0,2,0,2
caladrius,br.ufpb.dsc.caladrius.dto,UsuarioForm,0,24,0,0,0,1,0,1,0,1
caladrius,br.ufpb.dsc.caladrius.dto,CidadeForm,0,12,0,0,0,1,0,1,0,1
caladrius,br.ufpb.dsc.caladrius.dto,PainelSemana.DiaPainel,0,12,0,0,0,1,0,1,0,1
caladrius,br.ufpb.dsc.caladrius.dto,VeiculoForm,0,27,0,0,0,1,0,1,0,1
caladrius,br.ufpb.dsc.caladrius.dto,PainelSemana,0,12,0,0,0,1,0,1,0,1
caladrius,br.ufpb.dsc.caladrius.dto,LinhaProgramadaForm,5,40,3,3,0,3,3,3,0,3
caladrius,br.ufpb.dsc.caladrius.dto,DesignacaoForm,0,15,0,0,0,1,0,1,0,1
caladrius,br.ufpb.dsc.caladrius.dto,EnderecoForm,0,64,7,11,0,5,7,5,0,3
caladrius,br.ufpb.dsc.caladrius.dto,GradeDiaSemana,0,9,0,0,0,1,0,1,0,1
caladrius,br.ufpb.dsc.caladrius.dto,ConfiguracaoUmami,0,114,2,20,0,20,2,15,0,6
caladrius,br.ufpb.dsc.caladrius.dto,ViagemForm,0,21,0,0,0,1,0,1,0,1
caladrius,br.ufpb.dsc.caladrius.dto,ConfiguracaoEnvioWhatsapp,0,9,0,0,0,1,0,1,0,1
caladrius,br.ufpb.dsc.caladrius.domain.enums,StatusViagem,0,49,0,0,0,10,0,3,0,3
caladrius,br.ufpb.dsc.caladrius.domain.enums,StatusVeiculo,0,42,0,0,0,9,0,3,0,3
caladrius,br.ufpb.dsc.caladrius.domain.enums,DirecaoMensagem,0,36,0,0,0,9,0,4,0,4
caladrius,br.ufpb.dsc.caladrius.domain.enums,FinalidadeToken,0,15,0,0,0,3,0,1,0,1
caladrius,br.ufpb.dsc.caladrius.domain.enums,TipoSolicitacao,6,30,0,0,2,7,2,2,2,2
caladrius,br.ufpb.dsc.caladrius.domain.enums,CategoriaAuditoria,0,35,0,0,0,8,0,3,0,3
caladrius,br.ufpb.dsc.caladrius.domain.enums,AreaSistema,0,239,0,14,0,43,0,15,0,8
caladrius,br.ufpb.dsc.caladrius.domain.enums,Papel,0,46,0,0,0,10,0,4,0,4
caladrius,br.ufpb.dsc.caladrius.domain.enums,StatusUsuario,0,42,0,0,0,9,0,3,0,3
caladrius,br.ufpb.dsc.caladrius.domain.enums,EtapaConversa,0,93,0,0,0,16,0,1,0,1
caladrius,br.ufpb.dsc.caladrius.domain.enums,DiaSemana,7,98,1,3,1,17,1,6,0,5
caladrius,br.ufpb.dsc.caladrius.domain.enums,FinalidadeCodigo,0,28,0,0,0,7,0,3,0,3
caladrius,br.ufpb.dsc.caladrius.domain.enums,TipoCidade,0,28,0,0,0,7,0,3,0,3
caladrius,br.ufpb.dsc.caladrius.domain.enums,TipoViagem,3,25,0,0,1,6,1,2,1,2
caladrius,br.ufpb.dsc.caladrius.domain.enums,TipoVeiculo,0,49,0,0,0,10,0,3,0,3
caladrius,br.ufpb.dsc.caladrius.domain.enums,StatusSolicitacao,0,52,0,0,0,11,0,4,0,4
caladrius,br.ufpb.dsc.caladrius.domain.enums,ProvedorOauth,3,18,0,0,1,5,1,2,1,2
caladrius,br.ufpb.dsc.caladrius.domain.enums,MetodoVerificacao,3,33,0,0,1,8,1,3,1,3
caladrius,br.ufpb.dsc.caladrius.domain,LinhaProgramada,0,67,0,0,0,28,0,17,0,17
caladrius,br.ufpb.dsc.caladrius.domain,SolicitacaoViagem,19,123,6,8,5,48,7,30,2,28
caladrius,br.ufpb.dsc.caladrius.domain,ConfiguracaoSistema,14,23,0,0,6,11,4,5,4,5
caladrius,br.ufpb.dsc.caladrius.domain,Usuario,17,129,5,5,5,48,7,30,3,29
caladrius,br.ufpb.dsc.caladrius.domain,CodigoVerificacao,10,85,5,5,4,31,6,21,2,20
caladrius,br.ufpb.dsc.caladrius.domain,IdentidadeOauth,46,21,2,0,20,9,13,3,12,3
caladrius,br.ufpb.dsc.caladrius.domain,Veiculo,3,111,1,1,1,45,1,24,0,24
caladrius,br.ufpb.dsc.caladrius.domain,MensagemWhatsapp,26,50,3,3,10,19,8,9,5,9
caladrius,br.ufpb.dsc.caladrius.domain,TokenAtivacao,15,61,3,5,5,22,8,13,5,12
caladrius,br.ufpb.dsc.caladrius.domain,Cidade,0,52,0,0,0,20,0,11,0,11
caladrius,br.ufpb.dsc.caladrius.domain,Endereco,18,51,0,0,6,24,6,14,6,14
caladrius,br.ufpb.dsc.caladrius.domain,Notificacao,27,29,1,1,11,13,9,5,8,5
caladrius,br.ufpb.dsc.caladrius.domain,LogAuditoria,7,90,1,3,3,36,3,23,2,22
caladrius,br.ufpb.dsc.caladrius.domain,ConversaBot,20,102,0,0,8,43,6,22,6,22
caladrius,br.ufpb.dsc.caladrius.domain,Viagem,22,103,2,2,8,42,7,26,5,26
caladrius,br.ufpb.dsc.caladrius.domain,Municipio,7,30,0,0,3,13,2,8,2,8
caladrius,br.ufpb.dsc.caladrius.whatsapp,EvolutionApiProvedor,50,353,12,17,14,91,12,14,0,11
caladrius,br.ufpb.dsc.caladrius.whatsapp,WhatsappException,0,9,0,0,0,4,0,2,0,2
caladrius,br.ufpb.dsc.caladrius.whatsapp,ConexaoWhatsapp,0,27,0,0,0,4,0,4,0,4
caladrius,br.ufpb.dsc.caladrius.whatsapp,ContaWhatsapp,0,9,0,0,0,1,0,1,0,1
caladrius,br.ufpb.dsc.caladrius.whatsapp,MensagemRecebida,0,18,0,0,0,1,0,1,0,1
caladrius,br.ufpb.dsc.caladrius.whatsapp,StatusConexaoWhatsapp,6,38,0,0,2,8,2,2,2,2
caladrius,br.ufpb.dsc.caladrius.whatsapp.bot,BotAtendimentoService,177,754,44,68,53,181,39,50,0,27
caladrius,br.ufpb.dsc.caladrius.whatsapp.bot,MensagensBot,16,282,6,10,1,50,5,19,0,16
caladrius,br.ufpb.dsc.caladrius.exception,RecursoNaoEncontradoException,4,7,0,0,2,2,1,1,1,1
caladrius,br.ufpb.dsc.caladrius.exception,RegraNegocioException,0,4,0,0,0,2,0,1,0,1
caladrius,br.ufpb.dsc.caladrius.observabilidade,RastreamentoService,3,50,2,2,0,14,2,2,0,2
caladrius,br.ufpb.dsc.caladrius.observabilidade,TelemetriaConfig,0,5,0,0,0,2,0,2,0,2
caladrius,br.ufpb.dsc.caladrius.notificacao,NotificacaoEmailCanal,0,33,0,2,0,7,0,5,0,4
caladrius,br.ufpb.dsc.caladrius.notificacao,NotificacaoInAppCanal,1,23,1,1,1,7,1,3,0,3
caladrius,br.ufpb.dsc.caladrius.notificacao,NotificacaoDestino,7,12,0,0,1,1,1,1,1,1
caladrius,br.ufpb.dsc.caladrius.notificacao,CanalTipo,0,21,0,0,0,4,0,1,0,1
caladrius,br.ufpb.dsc.caladrius.notificacao,NotificacaoWhatsappCanal,1,22,1,1,1,7,1,3,0,3
caladrius,br.ufpb.dsc.caladrius.config,DataInitializer,0,60,0,2,0,18,0,4,0,3
caladrius,br.ufpb.dsc.caladrius.config,GlobalExceptionHandler,0,6,0,0,0,2,0,2,0,2
caladrius,br.ufpb.dsc.caladrius.config,SessaoConfig.new HttpSessionListener() {...},11,6,0,0,3,1,1,1,1,1
caladrius,br.ufpb.dsc.caladrius.config,PerfilIncompletoFilter,0,95,9,19,0,22,9,9,0,4
caladrius,br.ufpb.dsc.caladrius.config,SessaoConfig,0,12,0,0,0,2,0,2,0,2
caladrius,br.ufpb.dsc.caladrius.config,SecurityConfig,44,252,5,1,9,28,6,7,3,7
caladrius,br.ufpb.dsc.caladrius.config,OAuth2ClientConfig,22,0,0,0,7,0,2,0,2,0
caladrius,br.ufpb.dsc.caladrius.config,AuditoriaSecurityListener,1,72,2,2,0,23,2,4,0,4
caladrius,br.ufpb.dsc.caladrius.config,WhatsappConfig,37,53,3,9,9,12,4,6,2,2
caladrius,br.ufpb.dsc.caladrius.config,GlobalModelAttributes,2,37,1,3,0,11,1,6,0,5
caladrius,br.ufpb.dsc.caladrius.config,ManutencaoFilter,2,136,9,29,1,33,9,15,0,5
caladrius,br.ufpb.dsc.caladrius.util,Documentos,2,158,2,32,1,34,2,20,0,5
caladrius,br.ufpb.dsc.caladrius.controller,AnaliseController,0,27,0,0,0,7,0,2,0,2
caladrius,br.ufpb.dsc.caladrius.controller,PerfilController,38,67,5,3,7,14,4,4,0,4
caladrius,br.ufpb.dsc.caladrius.controller,LinhaController,19,188,5,9,2,44,5,12,0,10
caladrius,br.ufpb.dsc.caladrius.controller,GestaoSolicitacaoController,48,29,0,0,12,9,2,3,2,3
caladrius,br.ufpb.dsc.caladrius.controller,AtivacaoController,7,27,0,0,2,9,0,3,0,3
caladrius,br.ufpb.dsc.caladrius.controller,SolicitacaoController,33,88,1,3,9,18,2,4,1,3
caladrius,br.ufpb.dsc.caladrius.controller,PingController,1,22,1,1,0,6,1,2,0,2
caladrius,br.ufpb.dsc.caladrius.controller,RecuperacaoSenhaController,39,52,6,2,9,14,5,4,1,4
caladrius,br.ufpb.dsc.caladrius.controller,ContaController,40,101,6,6,11,28,6,5,1,4
caladrius,br.ufpb.dsc.caladrius.controller,AdminController,0,10,0,0,0,3,0,2,0,2
caladrius,br.ufpb.dsc.caladrius.controller,ConviteController,1,88,1,1,0,22,1,7,0,7
caladrius,br.ufpb.dsc.caladrius.controller,LogController,0,48,0,0,0,12,0,2,0,2
caladrius,br.ufpb.dsc.caladrius.controller,VeiculoController,42,182,1,5,11,41,1,13,0,11
caladrius,br.ufpb.dsc.caladrius.controller,VerificacaoController,44,43,1,1,12,14,2,4,1,4
caladrius,br.ufpb.dsc.caladrius.controller,AuthController,17,102,3,5,4,24,3,5,0,4
caladrius,br.ufpb.dsc.caladrius.controller,AuditoriaController,0,67,0,0,0,15,0,4,0,4
caladrius,br.ufpb.dsc.caladrius.controller,NotificacaoController,9,6,2,0,3,3,2,1,1,1
caladrius,br.ufpb.dsc.caladrius.controller,MotoristaViagemController,23,22,0,0,6,6,1,2,1,2
caladrius,br.ufpb.dsc.caladrius.controller,UsuarioController,17,218,1,7,4,51,1,14,0,11
caladrius,br.ufpb.dsc.caladrius.controller,WhatsappWebhookController,44,181,9,18,10,48,9,14,1,7
caladrius,br.ufpb.dsc.caladrius.controller,CidadeController,0,172,0,6,0,41,0,13,0,10
caladrius,br.ufpb.dsc.caladrius.controller,FeatureController,12,137,1,5,4,34,2,9,1,7
caladrius,br.ufpb.dsc.caladrius.controller,HomeController,0,54,0,0,0,12,0,2,0,2
caladrius,br.ufpb.dsc.caladrius.controller,ConfiguracaoController,1,69,1,1,0,16,1,3,0,3
caladrius,br.ufpb.dsc.caladrius.controller,ManutencaoController,0,5,0,0,0,2,0,2,0,2
caladrius,br.ufpb.dsc.caladrius.controller,ViagemController,20,199,1,5,5,50,1,12,0,10
caladrius,br.ufpb.dsc.caladrius.controller,WhatsappController,76,124,8,6,20,30,9,6,2,6
caladrius,br.ufpb.dsc.caladrius.security,CaladriusOidcUserService,64,6,2,0,14,3,3,1,2,1
caladrius,br.ufpb.dsc.caladrius.security,UsuarioAutenticado,12,115,2,4,2,35,3,19,2,17
caladrius,br.ufpb.dsc.caladrius.security,CaladriusUserDetailsService,0,45,0,6,0,10,0,5,0,2
caladrius,br.ufpb.dsc.caladrius.health,BancoHealthIndicator,0,57,0,2,0,16,0,5,0,4
